ciudad,mes,num_mes,temperatura,lluvia_mm
Monterrey,Ene,1,15.8,11.7
Monterrey,Feb,2,16.2,17.7
Monterrey,Mar,3,16.4,22.1
Monterrey,Abr,4,20.3,19.4
Monterrey,May,5,24.1,172.7
Monterrey,Jun,6,28.3,83.9
Monterrey,Jul,7,29.8,120.0
Monterrey,Ago,8,28.8,76.4
Monterrey,Sep,9,27.5,116.8
Monterrey,Oct,10,24.4,132.8
Monterrey,Nov,11,20.6,12.4
Monterrey,Dic,12,17.4,9.9
CDMX,Ene,1,15.0,18.6
CDMX,Feb,2,15.1,12.5
CDMX,Mar,3,17.6,15.5
CDMX,Abr,4,18.5,12.0
CDMX,May,5,19.4,104.2
CDMX,Jun,6,19.3,177.6
CDMX,Jul,7,19.2,155.6
CDMX,Ago,8,19.5,142.6
CDMX,Sep,9,18.1,117.0
CDMX,Oct,10,19.9,153.9
CDMX,Nov,11,19.6,16.2
CDMX,Dic,12,19.4,16.3
Cancún,Ene,1,23.4,16.9
Cancún,Feb,2,24.3,20.1
Cancún,Mar,3,24.0,17.7
Cancún,Abr,4,24.9,21.7
Cancún,May,5,26.4,62.3
Cancún,Jun,6,27.9,78.2
Cancún,Jul,7,29.3,109.2
Cancún,Ago,8,29.5,170.5
Cancún,Sep,9,29.0,148.3
Cancún,Oct,10,26.3,76.6
Cancún,Nov,11,25.3,12.4
Cancún,Dic,12,25.1,15.4
Guadalajara,Ene,1,15.7,10.1
Guadalajara,Feb,2,16.9,12.6
Guadalajara,Mar,3,16.7,19.1
Guadalajara,Abr,4,19.0,17.1
Guadalajara,May,5,20.8,133.2
Guadalajara,Jun,6,21.4,89.6
Guadalajara,Jul,7,23.0,87.0
Guadalajara,Ago,8,23.8,95.7
Guadalajara,Sep,9,21.6,84.9
Guadalajara,Oct,10,20.8,98.0
Guadalajara,Nov,11,18.3,21.5
Guadalajara,Dic,12,17.6,11.6
