id,fecha,producto,categoria,region,vendedor,unidades,precio_unitario
103,2025-05-14,Monitor,Tecnología,Centro,Sofía,2,209.69
110,2025-05-23,Cuaderno,Papelería,Sur,Pedro,18,3.71
91,2025-04-27,Mouse,Tecnología,Este,Elena,4,26.3
76,2025-03-26,Teclado,Tecnología,Centro,Diego,,43.61
77,2025-03-27,Lámpara,Muebles,Este,Marco,16,37.71
3,2025-01-05,Cuaderno,Papelería,Norte,Luis,3,4.03
87,2025-04-23,Cuaderno,Papelería,Centro,Sofía,1,4.21
15,2025-01-22,Escritorio,Muebles,Centro,Diego,4,340.33
28,2025-02-05,Silla,Muebles,Este,Marco,11,141.29
114,2025-05-27,Monitor,Tecnología,Centro,Sofía,3,212.07
24,2025-02-01,Cuaderno,Papelería,Este,Marco,14,4.15
29,2025-02-05,Teclado,Tecnología,Norte,Ana,3,47.22
7,2025-01-13,Laptop,Tecnología,Sur,Carla,4,868.92
95,2025-05-05,Cuaderno,Papelería,Este,Marco,7,3.68
67,2025-03-18,Cuaderno,Papelería,Este,Marco,12,3.87
49,2025-02-22,Mouse,Tecnología,Este,Marco,4,24.29
12,2025-01-20,Mouse,Tecnología,Este,Marco,,26.14
9,2025-01-14,Mouse,Tecnología,Sur,Carla,19,25.44
5,2025-01-09,Escritorio,Muebles,Norte,Ana,3,293.95
68,2025-03-19,Teclado,Tecnología,Centro,Sofía,3,49.45
42,2025-02-16,Monitor,Tecnología,Norte,Ana,1,232.62
1,2025-01-02,Silla,Muebles,Centro,Diego,19,132.08
18,2025-01-27,Monitor,Tecnología,Centro,Diego,2,238.82
71,2025-03-22,Cuaderno,Papelería,Norte,Ana,9,4.38
101,2025-05-10,Laptop,Tecnología,Sur,Carla,3,825.69
22,2025-02-01,Monitor,Tecnología,este ,Elena,,237.81
50,2025-02-26,Laptop,Tecnología,Sur,Carla,1,825.9
92,2025-04-28,Laptop,Tecnología,Centro,Sofía,4,810.52
43,2025-02-17,Monitor,Tecnología,Sur,Pedro,1,222.69
36,2025-02-10,Silla,Muebles,Sur,Pedro,18,124.14
93,2025-04-28,Mouse,Tecnología,norte ,Ana,11,22.85
102,2025-05-11,Laptop,Tecnología,Este,Elena,1,853.39
63,2025-03-15,Silla,Muebles,Sur,Pedro,8,136.37
23,2025-02-01,Lámpara,Muebles,Centro,Diego,7,43.75
78,2025-03-31,Teclado,Tecnología,Este,Marco,18,
94,2025-05-01,Mouse,Tecnología,Sur,Carla,9,23.49
79,2025-04-04,Cuaderno,Papelería,Sur,Pedro,,4.24
46,2025-02-20,Mouse,Tecnología,Sur,Carla,14,24.76
26,2025-02-02,Cuaderno,Papelería,Norte,Ana,10,3.76
118,2025-05-31,Monitor,Tecnología,Este,Marco,2,211.47
2,2025-01-04,Monitor,Tecnología,Centro,Diego,2,231.76
113,2025-05-24,Mochila,Papelería,Centro,Sofía,18,31.57
20,2025-01-30,Bolígrafos,Papelería,norte ,Ana,6,2.74
51,2025-02-26,Silla,Muebles,Sur,Carla,10,120.17
30,2025-02-06,Lámpara,Muebles,Norte,Ana,14,36.15
33,2025-02-08,Lámpara,Muebles,Centro,Sofía,17,42.41
75,2025-03-26,Cuaderno,Papelería,Sur,Pedro,,4.03
55,2025-03-01,Lámpara,Muebles,Norte,Ana,18,39.7
105,2025-05-16,Bolígrafos,Papelería,Norte,Luis,15,2.92
97,2025-05-05,Lámpara,Muebles,Este,Marco,17,36.63
47,2025-02-21,Cuaderno,Papelería,Norte,Ana,17,4.33
37,2025-02-11,Mochila,Papelería,Norte,Luis,14,36.64
90,2025-04-27,Escritorio,Muebles,Sur,Carla,3,279.88
53,2025-02-28,Silla,Muebles,Sur,Carla,14,138.97
100,2025-05-10,Mouse,Tecnología,Este,Elena,1,26.25
69,2025-03-21,Monitor,Tecnología,Centro,Sofía,,240.62
85,2025-04-13,Mochila,Papelería,sur ,Pedro,9,31.87
40,2025-02-13,Monitor,Tecnología,Este,Elena,4,222.43
56,2025-03-06,Mochila,Papelería,Sur,Carla,3,37.31
25,2025-02-02,Lámpara,Muebles,Este,Marco,11,40.34
61,2025-03-12,Teclado,Tecnología,Sur,Carla,13,46.75
65,2025-03-16,Teclado,Tecnología,Norte,Luis,,48.76
18,2025-01-27,Monitor,Tecnología,Centro,Diego,2,238.82
13,2025-01-20,Silla,Muebles,Este,Elena,4,119.53
107,2025-05-22,Laptop,Tecnología,Norte,Luis,3,896.09
98,2025-05-08,Monitor,Tecnología,Sur,Carla,4,204.17
58,2025-03-08,Mochila,Papelería,Norte,Luis,10,35.41
35,2025-02-10,Monitor,Tecnología,Norte,Luis,4,210.23
16,2025-01-26,Bolígrafos,Papelería,Norte,Ana,3,3.26
86,2025-04-19,Bolígrafos,Papelería,Sur,Pedro,10,2.94
31,2025-02-07,Cuaderno,Papelería,Centro,Diego,19,3.84
108,2025-05-22,Mochila,Papelería,Centro,Diego,4,
14,2025-01-21,Monitor,Tecnología,Este,Elena,4,221.06
72,2025-03-22,Monitor,Tecnología,Sur,Pedro,1,204.89
66,2025-03-17,Laptop,Tecnología,Norte,Luis,4,802.2
48,2025-02-22,Bolígrafos,Papelería,Norte,Ana,19,2.95
17,2025-01-26,Bolígrafos,Papelería,Sur,Pedro,4,2.97
96,2025-05-05,Cuaderno,Papelería,Sur,Carla,13,3.75
45,2025-02-17,Monitor,Tecnología,Norte,Ana,4,239.67
104,2025-05-16,Mouse,Tecnología,Norte,Luis,18,23.28
41,2025-02-16,Silla,Muebles,Centro,Sofía,14,121.57
19,2025-01-27,Silla,Muebles,Centro,Sofía,12,119.69
78,2025-03-31,Teclado,Tecnología,Este,Marco,18,
44,2025-02-17,Monitor,Tecnología,Centro,Sofía,2,
112,2025-05-23,Teclado,Tecnología,Este,Marco,16,49.22
60,2025-03-09,Escritorio,Muebles,Norte,Ana,2,301.91
4,2025-01-07,Lámpara,Muebles,Este,Marco,4,39.47
109,2025-05-22,Teclado,Tecnología,Sur,Carla,18,42.76
57,2025-03-07,Bolígrafos,Papelería,Norte,Ana,14,3.01
21,2025-01-31,Teclado,Tecnología,Este,Marco,1,49.37
8,2025-01-13,Mochila,Papelería,Centro,Sofía,20,33.05
89,2025-04-26,Lámpara,Muebles,Centro,Sofía,3,42.33
10,2025-01-16,Teclado,Tecnología,Este,Elena,2,41.64
59,2025-03-08,Lámpara,Muebles,Norte,Luis,4,40.14
100,2025-05-10,Mouse,Tecnología,Este,Elena,1,26.25
52,2025-02-27,Escritorio,Muebles,Centro,Sofía,2,282.59
88,2025-04-23,Monitor,Tecnología,Centro,Sofía,2,225.64
32,2025-02-08,Mochila,Papelería,Sur,Pedro,4,36.38
62,2025-03-13,Monitor,Tecnología,Este,Marco,1,213.88
39,2025-02-13,Cuaderno,Papelería,Norte,Ana,18,4.21
117,2025-05-30,Lámpara,Muebles,Norte,Luis,20,38.82
38,2025-02-12,Teclado,Tecnología,Centro,Sofía,15,48.65
70,2025-03-21,Cuaderno,Papelería,Sur,Pedro,4,3.88
81,2025-04-07,Bolígrafos,Papelería,Centro,Diego,20,3.15
64,2025-03-15,Lámpara,Muebles,Sur,Pedro,3,39.76
120,2025-06-01,Escritorio,Muebles,Norte,Ana,4,338.7
82,2025-04-09,Escritorio,Muebles,Norte,Luis,2,290.88
80,2025-04-06,Mouse,Tecnología,centro ,Sofía,3,27.27
54,2025-03-01,Silla,Muebles,Sur,Pedro,19,142.03
115,2025-05-29,Escritorio,Muebles,Norte,Luis,1,309.84
116,2025-05-29,Mouse,Tecnología,Este,Elena,1,
27,2025-02-03,Teclado,Tecnología,Centro,Diego,20,46.2
84,2025-04-13,Laptop,Tecnología,Sur,Carla,2,786.46
34,2025-02-10,Bolígrafos,Papelería,Centro,Diego,20,3.23
74,2025-03-25,Escritorio,Muebles,Centro,Sofía,2,320.55
99,2025-05-08,Mouse,Tecnología,Norte,Luis,6,25.0
83,2025-04-09,Monitor,Tecnología,Sur,Carla,,201.4
41,2025-02-16,Silla,Muebles,Centro,Sofía,14,121.57
11,2025-01-17,Escritorio,Muebles,Sur,Carla,4,306.57
4,2025-01-07,Lámpara,Muebles,Este,Marco,4,39.47
111,2025-05-23,Cuaderno,Papelería,Sur,Carla,3,3.95
106,2025-05-21,Laptop,Tecnología,Norte,Ana,3,883.56
6,2025-01-10,Silla,Muebles,Sur,Pedro,5,131.27
73,2025-03-24,Cuaderno,Papelería,Este,Elena,18,3.61
119,2025-05-31,Escritorio,Muebles,Centro,Diego,4,288.03
